ID,ch1,ch2,ch3,ch4,ch5,ch6,ch7,ch8,ch9,ch10
89,0,0,1,1,0,0,0,0,0,0
90,0,0,0,0,0,0,0,0,0,0
91,0,0,0,0,0,0,0,0,0,0
92,0,0,0,0,0,0,0,0,0,0
93,0,1,0,0,0,0,0,0,0,0
94,0,0,0,0,0,0,0,0,0,0
95,0,1,0,1,0,0,0,0,0,0
96,0,0,0,0,0,0,0,0,0,0
97,0,0,0,1,0,0,0,0,0,0
98,0,0,0,0,0,0,0,0,0,0
99,0,0,1,0,0,0,0,0,0,1
100,0,0,0,0,0,0,0,0,0,0
101,0,0,1,1,0,0,0,0,0,1
102,0,0,0,0,0,0,0,0,0,0
103,1,0,0,1,0,0,0,0,1,1
104,1,0,0,0,0,0,0,0,1,0
105,0,0,1,0,0,0,0,0,0,0
106,0,0,0,0,0,0,0,0,0,0
111,1,1,0,0,0,0,0,0,0,0
112,0,0,0,0,0,0,0,0,0,0
113,0,1,1,1,0,0,0,1,1,1
114,0,0,1,1,0,0,0,0,0,0
115,1,0,0,0,0,0,0,0,0,0
116,0,0,0,0,0,0,0,0,0,0
117,1,1,0,0,1,0,0,0,0,0
118,0,0,0,0,1,0,0,0,0,0
119,1,1,0,1,1,0,0,0,0,0
120,0,0,0,0,1,0,0,0,0,0
121,1,0,0,0,0,0,0,0,0,0
122,1,0,0,0,0,0,0,0,0,0
123,0,1,1,0,0,0,1,0,0,0
124,0,0,1,0,0,0,0,0,0,0
125,0,0,1,0,0,0,0,0,0,1
126,0,0,1,0,0,0,0,0,0,0
127,1,0,0,0,0,1,1,0,0,0
128,1,0,0,0,0,0,1,0,0,0
129,1,1,1,0,0,0,0,0,0,0
130,1,0,1,0,0,0,0,0,0,0
131,1,1,1,1,0,0,0,1,0,0
132,1,0,0,0,0,0,0,1,0,0
133,0,1,0,0,0,0,0,0,1,0
134,0,0,0,0,0,0,0,0,0,0
137,1,0,0,1,0,1,1,0,1,0
138,1,0,0,0,0,0,1,0,0,0
139,1,0,0,1,1,1,0,0,0,0
140,0,0,0,0,1,0,0,0,0,0
141,1,0,0,0,0,0,0,0,0,1
142,0,0,0,0,0,0,0,0,0,0
147,1,0,0,0,0,0,0,0,0,0
148,1,0,0,0,0,0,0,0,0,0
151,1,0,1,1,1,1,0,1,0,1
152,1,0,1,0,1,0,0,0,0,0
153,1,0,1,0,1,0,0,0,0,1
154,1,0,1,0,0,0,0,0,0,0
159,0,0,0,0,0,0,0,0,0,0
160,0,0,0,0,0,0,0,0,0,0
161,0,1,0,0,0,0,0,0,0,0
162,0,0,0,0,0,0,0,0,0,0
163,1,0,1,0,0,1,0,1,0,0
164,0,0,0,0,0,0,0,1,0,0
207,0,0,0,0,0,0,0,0,1,0
208,0,0,0,0,0,0,0,0,0,0
209,0,0,1,1,0,0,0,0,0,0
210,0,0,0,0,0,0,0,0,0,0
249,1,0,1,1,0,0,0,1,0,0
250,1,0,0,0,0,0,0,1,0,0
251,1,0,0,1,0,1,1,0,0,0
252,1,0,0,0,0,0,0,0,0,0
253,1,0,0,0,0,0,0,0,0,0
254,1,0,0,0,0,0,0,0,0,0
255,0,1,0,0,0,0,0,0,0,1
256,0,0,0,0,0,0,0,0,0,0
257,1,0,0,0,0,0,0,0,0,0
258,1,0,0,0,0,0,0,0,0,0
259,1,0,0,0,0,0,0,0,0,1
260,1,0,0,0,0,0,0,0,0,0
261,1,1,1,0,0,0,1,0,0,1
262,1,0,1,0,0,0,0,0,0,0
263,1,0,1,1,1,0,0,0,0,1
264,1,0,0,0,0,0,0,0,0,0
265,1,0,1,1,1,1,0,1,0,0
266,1,0,0,1,0,0,0,1,0,0
267,1,0,0,1,1,0,0,0,0,0
268,1,0,0,1,0,0,0,0,0,0
269,1,1,0,0,0,0,1,0,0,0
270,0,0,0,0,0,0,0,0,0,0
271,1,0,0,0,1,0,0,0,1,1
272,1,0,0,0,0,0,0,0,0,0
273,1,1,1,0,1,0,1,0,0,0
274,1,0,1,0,1,0,1,0,0,0
275,1,0,1,0,1,0,1,0,0,0
276,1,0,0,0,1,0,0,0,0,0
277,1,1,1,0,1,0,1,0,0,0
278,1,0,0,0,0,0,1,0,0,0
279,0,0,1,0,0,0,0,0,0,0
280,0,0,0,0,0,0,0,0,0,0
281,1,1,0,0,1,0,0,0,0,1
282,1,0,0,0,0,0,0,0,0,0
283,1,1,0,1,0,0,0,0,0,1
284,1,0,0,0,0,0,0,0,0,0
285,1,0,0,0,1,0,0,0,0,0
286,1,0,0,0,0,0,0,0,0,0
289,0,1,0,0,0,0,0,0,0,1
290,0,0,0,0,0,0,0,0,0,0
291,1,1,0,0,1,0,0,0,0,1
292,1,0,0,0,0,0,0,0,0,0
293,1,0,1,1,1,0,0,0,0,0
294,1,0,0,0,0,0,0,0,0,0
297,0,0,0,0,1,0,1,0,0,0
298,0,0,0,0,0,0,0,0,0,0
299,0,1,1,0,1,0,1,0,1,0
300,0,0,0,0,0,0,0,0,0,0
301,1,1,1,1,1,0,0,0,0,0
302,1,0,0,0,0,0,0,0,0,0
303,1,1,0,0,1,0,1,0,0,0
304,1,0,0,0,0,0,0,0,0,0
305,1,1,0,0,1,0,0,0,0,0
306,0,0,0,0,0,0,0,0,0,0
313,1,1,1,0,1,0,1,0,0,0
314,1,0,0,0,0,0,0,0,0,0
315,1,1,0,0,0,0,0,0,0,0
316,1,0,0,0,0,0,0,0,0,0
317,0,1,1,0,1,0,0,0,0,0
318,0,0,0,0,0,0,0,0,0,0
319,0,1,1,0,0,0,1,0,0,1
320,0,0,0,0,0,0,0,0,0,0
321,1,1,0,0,1,0,0,0,0,1
322,1,0,0,0,0,0,0,0,0,0
323,0,1,0,1,1,1,0,0,0,0
324,0,0,0,0,0,0,0,0,0,0
325,1,1,0,1,1,0,1,0,0,1
326,1,0,0,0,0,0,0,0,0,0
327,1,0,0,1,1,0,0,0,0,1
328,1,0,0,0,0,0,0,0,0,0
339,0,0,0,0,0,0,0,0,1,1
340,0,0,0,0,0,0,0,0,0,0
341,1,1,1,1,0,1,0,1,0,0
342,1,0,0,0,0,1,0,1,0,0
343,1,0,1,1,1,0,0,1,0,0
344,1,0,1,0,0,0,0,0,0,0
345,0,1,1,0,1,0,1,0,1,0
346,0,0,1,0,0,0,0,0,0,0
347,1,0,0,0,1,0,0,0,0,0
348,0,0,0,0,0,0,0,0,0,0
349,1,0,1,1,1,1,0,0,0,1
350,1,0,1,0,1,0,0,0,0,0
351,0,0,0,0,1,0,0,0,0,0
352,0,0,0,0,1,0,0,0,0,0
353,0,1,0,0,0,1,0,0,0,0
354,0,0,0,0,0,0,0,0,0,0
355,0,0,0,0,1,0,0,0,0,0
356,0,0,0,0,0,0,0,0,0,0
357,1,1,0,0,1,0,0,0,0,0
358,0,0,0,0,0,0,0,0,0,0
363,1,0,1,1,0,0,1,0,0,0
364,1,0,0,0,0,0,1,0,0,0
365,0,0,0,0,0,1,1,0,0,1
366,0,0,0,0,0,0,0,0,0,0
367,0,1,0,0,0,0,1,0,0,0
368,0,0,0,0,0,0,0,0,0,0
369,1,0,0,0,0,0,0,0,0,0
370,1,0,0,0,0,0,0,0,0,0
371,1,1,1,1,0,0,1,0,0,0
372,1,0,1,0,0,0,0,0,0,0
373,1,0,1,0,1,0,0,0,0,0
374,1,0,0,0,0,0,0,0,0,0
379,1,0,1,0,1,0,1,0,0,0
380,1,0,0,0,1,0,0,0,0,0
381,0,1,1,0,1,0,1,0,0,1
382,0,0,0,0,1,0,0,0,0,0
383,1,0,1,1,1,0,0,0,0,0
384,1,0,1,0,0,0,0,0,0,0
385,0,1,1,1,1,1,0,0,0,0
386,0,0,1,0,0,0,0,0,0,0
387,0,1,1,1,1,1,0,0,0,0
388,0,0,1,0,0,0,0,0,0,0
389,1,1,0,0,0,0,1,0,1,1
390,0,0,0,0,0,0,0,0,0,0
391,1,1,0,0,0,0,0,0,1,1
392,0,0,0,0,0,0,0,0,0,0
405,1,0,0,1,1,0,0,0,0,0
406,1,0,0,0,0,0,0,0,0,0
407,1,0,0,1,0,0,0,0,0,0
408,1,0,0,0,0,0,0,0,0,0
409,1,1,1,0,1,0,1,0,0,0
410,0,0,1,0,0,0,0,0,0,0
411,1,1,1,0,1,0,1,0,0,0
412,1,0,1,0,0,0,0,0,0,0
413,1,0,1,0,1,0,0,0,0,0
414,1,0,0,0,0,0,0,0,0,0
415,0,1,0,0,1,0,1,0,1,0
416,0,0,0,0,1,0,0,0,0,0
417,1,1,1,0,0,0,0,0,0,0
418,0,0,1,0,0,0,0,0,0,0
433,1,0,0,0,1,1,1,0,0,0
434,0,0,0,0,0,0,0,0,0,0
435,0,0,0,1,1,1,0,0,1,1
436,0,0,0,0,1,0,0,0,0,0
439,1,0,1,1,0,0,0,0,0,0
440,1,0,1,0,0,0,0,0,0,0
499,1,0,0,0,1,0,0,0,0,0
500,1,0,0,0,0,0,0,0,0,0
501,1,1,0,0,1,0,1,0,0,1
502,1,0,0,0,0,0,0,0,0,0
507,0,0,1,1,0,0,1,0,0,0
508,0,0,0,0,0,0,1,0,0,0
509,0,1,1,0,0,0,0,0,1,0
510,0,0,0,0,0,0,0,0,0,0
511,0,0,1,1,1,1,0,1,0,1
512,0,0,1,1,0,0,0,0,0,0
515,1,0,1,1,1,1,1,1,0,1
516,1,0,0,1,0,1,0,1,0,0
525,1,0,1,0,1,0,0,0,0,1
526,0,0,1,0,0,0,0,0,0,0
527,0,0,1,0,1,0,0,0,0,1
528,0,0,0,0,0,0,0,0,0,0
529,0,0,1,1,1,0,1,1,0,0
530,0,0,0,1,0,0,0,1,0,0
539,1,1,0,0,1,0,0,0,0,1
540,0,0,0,0,0,0,0,0,0,0
541,1,0,1,0,1,1,1,0,1,0
542,1,0,0,0,0,0,0,0,0,0
543,0,0,1,0,1,0,1,0,0,1
544,0,0,0,0,0,0,0,0,0,0
545,0,0,1,0,1,0,0,0,0,0
546,0,0,0,0,0,0,0,0,0,0
547,0,0,0,0,1,0,0,0,0,1
548,0,0,0,0,0,0,0,0,0,0
549,0,1,0,0,1,0,0,0,0,1
550,0,0,0,0,0,0,0,0,0,0
551,1,0,1,0,0,0,0,0,0,0
552,0,0,0,0,0,0,0,0,0,0
553,1,1,1,0,0,0,1,0,0,0
554,1,0,0,0,0,0,0,0,0,0
555,0,0,0,0,0,0,0,0,0,0
556,0,0,0,0,0,0,0,0,0,0
557,1,0,0,1,1,0,0,0,0,0
558,1,0,0,0,0,0,0,0,0,0
559,1,0,1,0,1,0,1,0,0,0
560,1,0,1,0,0,0,0,0,0,0
561,1,1,0,0,1,0,1,0,0,1
562,1,0,0,0,0,0,0,0,0,0
563,0,0,1,0,1,0,0,0,0,1
564,0,0,0,0,0,0,0,0,0,1
565,0,1,0,0,0,0,1,0,0,0
566,0,0,0,0,0,0,0,0,0,0
567,0,1,1,1,1,1,0,1,0,1
568,0,0,0,1,0,1,0,1,0,1
569,1,1,1,0,0,0,0,0,0,0
570,1,0,0,0,0,0,0,0,0,0
571,0,0,1,0,0,0,1,0,0,0
572,0,0,0,0,0,0,0,0,0,0
573,0,0,0,0,1,0,0,0,0,1
574,0,0,0,0,0,0,0,0,0,0
577,0,0,1,0,1,0,0,1,0,0
578,0,0,0,0,0,0,0,1,0,0
579,0,0,0,0,1,0,0,0,0,0
580,0,0,0,0,0,0,0,0,0,0
581,0,0,0,0,1,0,0,0,0,0
582,0,0,0,0,0,0,0,0,0,0
583,0,1,0,0,1,0,0,0,0,1
584,0,1,0,0,1,0,0,0,0,0
585,1,1,0,0,1,0,0,0,0,0
586,1,0,0,0,0,0,0,0,0,0
587,1,0,0,1,0,0,1,0,0,0
588,1,0,0,0,0,0,0,0,0,0
589,1,1,1,0,0,0,0,0,0,1
590,0,0,1,0,0,0,0,0,0,0
591,1,1,0,0,1,0,1,0,0,0
592,1,0,0,0,0,0,0,0,0,0
593,1,0,1,1,1,0,0,1,0,0
594,1,0,1,1,0,0,0,0,0,0
595,0,0,0,0,1,0,0,0,0,0
596,0,0,0,0,0,0,0,0,0,0
597,1,1,0,0,1,0,0,0,0,1
598,0,0,0,0,0,0,0,0,0,0
599,0,1,1,1,1,0,1,1,0,0
600,0,0,1,1,0,0,0,0,0,0
601,1,1,0,1,0,0,0,0,0,0
602,1,0,0,0,0,0,0,0,0,0
603,1,0,1,0,1,1,1,0,0,1
604,0,0,0,0,0,0,0,0,0,0
605,1,0,1,0,1,0,1,0,0,1
606,0,0,0,0,1,0,0,0,0,0
617,0,0,0,0,1,0,0,0,0,0
618,0,0,0,0,0,0,0,0,0,0
629,1,0,1,1,1,0,0,0,0,1
630,1,0,1,1,1,0,0,0,0,0
639,0,0,0,0,1,0,0,0,0,0
640,0,0,0,0,0,0,0,0,0,0
667,1,1,0,0,1,0,1,0,0,1
668,1,0,0,0,1,0,1,0,0,0
669,1,1,0,0,1,0,1,0,0,1
670,1,0,0,0,1,0,1,0,0,0
699,1,1,1,0,1,0,1,0,1,0
700,0,0,0,0,0,0,0,0,0,0
711,0,1,0,0,0,0,1,0,1,1
712,0,0,0,0,0,0,0,0,0,0
717,1,0,1,0,0,0,1,0,0,0
718,0,0,0,0,0,0,1,0,0,0
725,0,1,1,0,1,0,0,0,1,0
726,0,0,1,0,0,0,0,0,0,0
727,1,0,1,1,1,0,1,0,1,0
728,1,0,0,1,1,0,1,0,0,0
729,1,1,1,0,1,0,0,1,0,1
730,1,0,1,0,0,0,0,1,0,0
731,1,0,1,1,1,1,0,1,0,1
732,1,0,1,1,0,0,0,0,0,0
733,0,0,1,1,1,0,1,1,0,0
734,0,0,0,1,0,0,0,1,0,0
735,1,0,1,1,1,0,1,0,0,0
736,1,0,0,1,0,0,0,0,0,0
743,1,1,0,0,0,0,0,0,0,0
744,1,0,0,0,0,0,0,0,0,0
745,0,1,1,0,1,0,1,0,0,0
746,0,0,0,0,0,0,0,0,0,0
747,0,1,0,0,1,0,0,0,1,1
748,0,0,0,0,0,0,0,0,0,0
749,0,1,1,0,1,0,1,0,0,1
750,0,0,1,0,0,0,0,0,0,0
757,0,1,1,0,1,0,1,0,0,0
758,0,0,0,0,0,0,1,0,0,0
759,0,0,1,0,1,0,1,0,0,0
760,0,0,0,0,0,0,0,0,0,0
769,0,0,1,0,0,0,1,0,0,1
770,0,0,1,0,0,0,0,0,0,0
771,0,1,0,1,1,0,1,0,0,1
772,0,0,0,1,0,0,0,0,0,0
773,1,0,0,1,1,0,0,1,0,1
774,1,0,0,1,0,0,0,1,0,0
775,1,1,1,0,1,0,1,0,1,1
776,1,0,1,0,0,0,0,0,0,0
777,0,0,1,1,1,0,0,0,1,0
778,0,0,0,1,0,0,0,0,0,0
779,0,0,1,0,1,0,1,0,0,1
780,0,0,1,0,0,0,0,0,0,0
781,0,0,1,0,1,0,1,0,0,1
782,0,0,1,0,0,0,0,0,0,0
785,0,0,1,0,1,0,1,0,1,0
786,0,0,1,0,0,0,0,0,1,0
787,0,0,1,1,1,0,0,0,0,0
788,0,0,1,0,0,0,0,0,0,0
789,0,0,1,0,0,0,1,0,0,1
790,0,0,0,0,0,0,0,0,0,0
791,1,1,1,0,1,0,1,0,0,1
792,0,0,1,0,0,0,0,0,0,0
793,1,0,1,1,0,0,0,1,0,0
794,0,0,1,1,0,0,0,0,0,0
795,1,1,1,1,1,0,1,0,0,0
796,1,0,0,0,0,0,0,0,0,0
797,0,1,1,1,0,0,0,0,0,0
798,0,0,1,0,0,0,0,0,0,0
799,0,1,0,0,0,0,0,0,0,0
800,0,0,0,0,0,0,0,0,0,0
801,0,0,1,1,0,0,0,1,0,0
802,0,0,1,0,0,0,0,0,0,0
803,0,0,1,1,1,0,1,0,0,0
804,0,0,0,0,0,0,0,0,0,0
805,1,1,1,1,1,1,0,0,0,1
806,1,0,1,0,0,0,0,0,0,0
807,0,0,0,0,0,0,0,0,0,0
808,0,0,0,0,0,0,0,0,0,0
809,1,1,1,0,1,0,1,0,0,0
810,1,0,0,0,0,0,1,0,0,0
811,1,0,1,0,1,0,0,0,0,1
812,1,0,0,0,0,0,0,0,0,0
813,1,0,0,0,1,0,1,0,0,0
814,1,0,0,0,0,0,0,0,0,0
815,0,0,1,0,0,0,1,0,0,0
816,0,0,0,0,0,0,0,0,0,0
817,1,0,1,0,1,1,0,0,0,0
818,1,0,0,0,0,0,0,0,0,0
819,1,0,0,0,1,0,0,0,0,0
820,1,0,0,0,0,0,0,0,0,0
823,1,1,1,0,1,0,1,0,0,0
824,0,0,1,0,0,0,0,0,0,0
825,0,0,1,0,1,1,0,1,0,0
826,0,0,0,0,0,0,0,1,0,0
827,1,0,1,0,0,0,0,0,0,1
828,0,0,0,0,0,0,0,0,0,0
829,1,0,1,0,0,0,0,0,0,0
830,0,0,0,0,0,0,0,0,0,0
831,0,0,1,0,0,0,1,0,0,0
832,0,0,0,0,0,0,0,0,0,0
833,1,0,1,0,1,0,0,0,0,0
834,1,0,1,0,0,0,0,0,0,0
835,0,0,1,0,1,0,0,0,0,1
836,0,0,1,0,0,0,0,0,0,0
837,0,0,0,0,1,0,0,0,0,0
838,0,0,0,0,0,0,0,0,0,0
841,1,0,1,1,0,1,0,1,0,1
842,1,0,1,1,0,0,0,0,0,0
843,0,0,1,0,1,0,0,0,0,1
844,0,0,0,0,0,0,0,0,0,0
845,1,1,1,1,1,0,0,1,0,1
846,1,0,1,1,0,0,0,0,0,0
847,1,1,1,0,1,0,1,0,0,1
848,1,0,1,0,0,0,1,0,0,0
849,0,1,1,0,0,0,1,0,0,1
850,0,0,1,0,0,0,1,0,0,0
851,1,0,1,0,1,0,1,0,0,0
852,1,0,1,0,1,0,0,0,0,0
853,1,1,1,0,1,0,0,0,0,1
854,1,0,1,0,1,0,0,0,0,0
855,1,1,0,0,1,0,0,0,0,1
856,0,0,0,0,1,0,0,0,0,0
857,1,0,1,0,1,0,0,0,0,0
858,1,0,0,0,0,0,0,0,0,0
859,0,0,1,0,1,0,1,0,0,0
860,0,0,0,0,0,0,1,0,0,0
861,0,1,1,0,1,0,0,0,0,0
862,0,0,1,0,0,0,0,0,0,0
863,0,0,1,0,1,0,1,0,0,1
864,0,0,1,0,0,0,0,0,0,0
865,0,0,1,1,0,0,0,0,0,0
866,0,0,1,0,0,0,0,0,0,0
867,1,0,1,1,0,1,1,0,0,1
868,1,0,0,1,0,0,0,0,0,0
869,0,0,1,0,1,0,0,0,0,0
870,0,0,1,0,0,0,0,0,0,0
871,0,1,1,0,0,0,1,0,0,1
872,0,0,1,0,0,0,0,0,0,0
873,0,1,1,1,1,0,1,0,0,0
874,0,0,1,0,0,0,1,0,0,0
875,1,1,1,0,0,0,1,0,0,1
876,1,0,0,0,0,0,0,0,0,0
877,0,0,1,1,1,1,1,1,0,0
878,0,0,0,1,0,0,1,1,0,0
879,1,1,1,0,0,0,1,0,0,1
880,0,0,1,0,0,0,0,0,0,0
881,0,1,0,0,1,0,0,0,0,1
882,0,0,0,0,0,0,0,0,0,0
883,0,0,1,1,1,0,0,0,0,1
884,0,0,1,0,0,0,0,0,0,0
885,0,0,1,1,0,0,0,0,0,0
886,0,0,1,0,0,0,0,0,0,0
887,1,0,1,1,1,0,1,0,1,1
888,1,0,0,1,0,0,0,0,0,0
889,1,1,1,0,0,0,1,0,1,1
890,0,0,1,0,0,0,0,0,0,0
891,1,0,1,1,1,0,0,1,0,0
892,0,0,1,1,0,0,0,1,0,0
893,1,0,1,0,1,0,0,0,0,1
894,0,0,0,0,0,0,0,0,0,0
895,1,0,1,0,0,1,1,0,0,1
896,1,0,0,0,0,0,1,0,0,0
897,1,1,1,0,0,0,0,0,0,0
898,1,0,1,0,0,0,0,0,0,0
899,0,1,1,0,1,0,1,0,0,1
900,0,0,0,0,0,0,1,0,0,0
901,1,0,1,0,0,0,1,0,0,1
902,0,0,1,0,0,0,0,0,0,0
903,1,0,1,0,0,0,1,0,0,1
904,0,0,1,0,0,0,0,0,0,0
905,0,0,1,1,1,1,1,0,0,1
906,0,0,0,0,0,0,0,0,0,0
907,0,0,1,1,1,1,1,0,0,1
908,0,0,0,0,0,0,1,0,0,0
909,1,0,1,0,1,0,0,0,0,0
910,0,0,0,0,0,0,0,0,0,0
911,1,0,1,0,1,0,0,0,0,0
912,0,0,0,0,0,0,0,0,0,0
913,1,1,1,0,1,0,1,0,0,1
914,1,0,1,0,0,0,0,0,0,0
915,1,1,1,0,0,0,1,0,0,0
916,1,0,0,0,0,0,0,0,0,0
917,1,0,1,0,1,0,1,0,0,1
918,0,0,0,0,0,0,1,0,0,0
923,0,0,1,0,0,0,1,0,0,0
924,0,0,0,0,0,0,0,0,0,0
925,1,0,0,0,1,0,1,0,0,0
926,1,0,0,0,0,0,1,0,0,0
927,1,0,0,1,1,0,0,1,0,0
928,1,0,0,1,0,0,0,1,0,0
929,1,0,1,0,0,0,1,0,0,1
930,0,0,1,0,0,0,0,0,0,0
931,1,0,1,0,1,0,0,0,0,1
932,1,0,0,0,0,0,0,0,0,0
933,0,0,0,0,0,0,1,0,0,0
934,0,0,0,0,0,0,0,0,0,0
935,0,1,0,0,1,0,1,0,0,1
936,0,0,0,0,0,0,0,0,0,0
937,1,1,1,0,1,0,1,0,0,1
938,1,0,1,0,0,0,0,0,0,0
939,1,0,1,0,1,1,0,0,1,1
940,1,0,0,0,0,0,0,0,0,0
941,0,0,1,1,1,0,0,0,0,0
942,0,0,0,0,0,0,0,0,0,0
943,1,0,1,0,0,0,1,0,0,0
944,0,0,0,0,0,0,0,0,0,0
945,0,0,1,0,1,0,0,0,0,0
946,0,0,1,0,0,0,0,0,0,0
947,1,1,1,1,1,0,0,0,0,0
948,1,0,1,0,0,0,0,0,0,0
949,1,0,1,0,0,0,1,0,0,0
950,0,0,0,0,0,0,0,0,0,0
951,1,1,1,0,1,0,0,0,0,0
952,1,0,1,0,0,0,0,0,0,0
953,1,0,1,0,1,0,0,0,0,0
954,0,0,0,0,0,0,0,0,0,0
955,1,0,0,0,1,0,0,0,0,0
956,0,0,0,0,0,0,0,0,0,0
957,1,0,0,0,0,0,1,0,0,0
958,0,0,0,0,0,0,0,0,0,0
959,1,1,1,1,1,0,1,0,0,1
960,1,0,1,0,0,0,1,0,0,0
961,0,1,1,0,0,0,1,0,0,0
962,0,0,1,0,0,0,0,0,0,0
963,0,0,1,0,1,0,0,0,0,0
964,0,0,0,0,0,0,0,0,0,0
965,1,0,1,1,1,1,1,1,0,1
966,1,0,0,0,0,0,1,1,0,0
967,0,0,1,0,0,0,1,0,0,0
968,0,0,0,0,0,0,0,0,0,0
969,0,0,1,1,0,0,0,0,0,0
970,0,0,1,0,0,0,0,0,0,0
971,0,0,1,0,0,0,0,0,0,0
972,0,0,0,0,0,0,0,0,0,0
973,0,0,1,0,0,0,0,0,0,1
974,0,0,0,0,0,0,0,0,0,0
975,0,0,1,1,1,1,0,1,0,1
976,0,0,0,1,0,0,0,1,0,0
977,1,0,1,1,0,1,1,1,0,1
978,0,0,1,1,0,0,0,0,0,0
979,1,1,1,1,0,0,0,1,0,0
980,1,0,0,0,0,0,0,1,0,0
981,1,1,1,0,0,0,1,0,0,1
982,0,0,1,0,0,0,0,0,0,0
983,1,0,1,1,1,0,0,1,0,0
984,1,0,1,0,0,0,0,0,0,0
985,1,0,0,0,1,0,0,0,0,0
986,0,0,0,0,0,0,0,0,0,0
987,1,1,1,0,0,0,1,0,0,1
988,1,0,0,0,0,0,0,0,0,0
989,0,1,1,1,1,0,0,1,0,0
990,0,0,1,0,0,0,0,1,0,0
991,0,0,1,0,1,1,0,0,0,1
992,0,0,0,0,0,0,0,0,0,0
993,1,0,1,0,1,0,1,0,0,0
994,0,0,0,0,0,0,0,0,0,0
995,0,1,1,0,0,0,1,0,0,1
996,0,0,0,0,0,0,0,0,0,0
997,0,0,0,0,1,0,1,0,0,0
998,0,0,0,0,0,0,0,0,0,0
999,1,1,1,0,1,0,1,0,0,1
1000,0,0,1,0,0,0,0,0,0,0
1001,1,0,1,1,1,1,0,0,0,1
1002,0,0,0,0,0,0,0,0,0,0
1003,1,0,1,1,1,0,1,0,0,0
1004,0,0,0,1,0,0,0,0,0,0
1005,1,0,1,1,1,0,0,1,0,0
1006,1,0,1,0,0,0,0,0,0,0
1007,1,0,1,0,1,0,0,0,0,0
1008,0,0,0,0,0,0,0,0,0,0
1009,0,1,1,0,0,0,0,0,0,0
1010,0,0,0,0,0,0,0,0,0,0
1011,0,0,1,0,1,0,0,0,0,0
1012,0,0,0,0,0,0,0,0,0,0
1013,1,0,1,1,0,1,1,0,0,1
1014,1,0,0,0,0,0,0,0,0,0
1015,1,0,1,0,1,1,0,0,0,1
1016,0,0,1,0,0,0,0,0,0,0
1017,1,0,1,1,1,1,0,0,0,1
1018,1,0,1,0,0,0,0,0,0,0
1019,0,0,1,1,1,0,0,0,0,0
1020,0,0,1,0,0,0,0,0,0,0
1021,0,1,1,0,1,0,1,0,1,1
1022,0,0,0,0,0,0,0,0,0,0
1023,0,1,0,1,0,0,0,0,0,1
1024,0,0,0,1,0,0,0,0,0,0
1027,0,1,1,0,1,0,1,0,0,1
1028,0,0,0,0,0,0,0,0,0,0
1029,0,0,0,1,0,0,1,0,0,0
1030,0,0,0,0,0,0,0,0,0,0
1031,0,0,1,0,0,0,1,0,0,0
1032,0,0,0,0,0,0,0,0,0,0
1033,1,1,1,0,0,0,1,0,0,1
1034,1,0,0,0,0,0,0,0,0,0
1035,1,0,1,1,1,0,0,0,0,1
1036,1,0,0,0,0,0,0,0,0,0
1037,1,1,1,0,0,0,1,0,0,1
1038,0,0,0,0,0,0,0,0,0,0
1039,0,0,0,1,1,0,0,0,0,0
1040,0,0,0,0,0,0,0,0,0,0
1041,1,0,1,0,0,0,1,0,0,0
1042,0,0,0,0,0,0,0,0,0,0
1043,1,0,1,1,1,1,0,0,0,1
1044,0,0,1,0,0,0,0,0,0,0
1045,1,0,1,0,1,0,1,0,0,0
1046,1,0,0,0,0,0,0,0,0,0
1047,0,0,0,0,0,0,1,0,0,0
1048,0,0,0,0,0,0,0,0,0,0
1049,1,0,1,0,1,0,1,0,0,0
1050,0,0,0,0,0,0,0,0,0,0
1051,1,0,1,1,1,0,0,1,0,1
1052,1,0,0,0,0,0,0,1,0,0
1053,1,1,1,1,0,0,1,0,0,1
1054,1,0,1,1,0,0,0,0,0,0
1055,0,0,1,0,1,0,0,0,0,0
1056,0,0,0,0,0,0,0,0,0,0
1057,1,0,1,0,0,0,1,0,0,1
1058,1,0,0,0,0,0,0,0,0,0
1059,0,0,0,1,1,0,0,0,0,1
1060,0,0,0,0,0,0,0,0,0,0
1061,1,0,1,0,0,0,1,0,0,0
1062,1,0,0,0,0,0,0,0,0,0
1063,0,0,1,1,1,0,0,0,0,0
1064,0,0,0,0,0,0,0,0,0,0
1065,0,0,1,1,1,0,0,0,0,0
1066,0,0,0,0,0,0,0,0,0,0
1067,0,0,0,1,1,0,0,0,0,0
1068,0,0,0,0,0,0,0,0,0,0
1069,1,0,1,1,0,0,1,0,0,0
1070,1,0,0,0,0,0,0,0,0,0
1075,0,1,1,0,0,0,1,0,0,1
1076,0,0,0,0,0,0,0,0,0,0
1077,1,0,1,1,0,1,1,1,0,0
1078,1,0,1,0,0,0,0,1,0,0
1079,1,0,1,0,0,1,1,0,0,1
1080,1,0,1,0,0,0,0,0,0,0
1081,0,0,1,0,0,0,1,0,0,0
1082,0,0,1,0,0,0,0,0,0,0
1083,1,0,1,1,1,0,0,1,0,1
1084,1,0,1,1,0,0,0,0,0,0
1085,1,1,1,0,0,0,0,0,0,0
1086,1,0,0,0,0,0,0,0,0,0
1087,1,0,1,0,1,0,0,0,0,0
1088,0,0,0,0,0,0,0,0,0,0
1089,1,1,1,0,0,0,0,0,0,1
1090,0,0,0,0,0,0,0,0,0,0
1091,1,0,1,1,1,1,0,1,0,1
1092,1,0,0,1,0,0,0,1,0,0
1093,1,0,1,0,1,0,1,0,0,0
1094,0,0,0,0,0,0,0,0,0,0
1095,0,0,1,0,0,0,1,0,0,0
1096,0,0,0,0,0,0,0,0,0,0
1097,0,0,1,0,0,0,0,0,0,0
1098,0,0,1,0,0,0,0,0,0,0
1099,0,1,0,0,0,1,0,0,0,0
1100,0,0,0,0,0,0,0,0,0,0
1101,1,0,1,0,1,0,1,1,0,1
1102,1,0,1,0,0,0,0,1,0,0
1103,0,0,1,0,0,0,1,0,0,0
1104,0,0,0,0,0,0,0,0,0,0
1105,1,0,1,1,0,0,0,0,0,1
1106,1,0,0,1,0,0,0,0,0,0
1107,0,0,1,1,0,0,0,0,0,1
1108,0,0,0,1,0,0,0,0,0,0
1109,0,0,0,0,0,0,0,0,0,0
1110,0,0,0,0,0,0,0,0,0,0
1111,0,1,1,0,1,0,0,0,0,0
1112,0,0,0,0,0,0,0,0,0,0
1113,1,0,1,0,1,0,1,0,0,0
1114,0,0,0,0,0,0,0,0,0,0
1115,1,0,1,0,0,0,0,0,0,0
1116,0,0,1,0,0,0,0,0,0,0
1117,1,0,1,0,1,0,0,0,0,0
1118,0,0,1,0,0,0,0,0,0,0
1121,1,0,1,1,0,0,0,0,0,0
1122,1,0,0,0,0,0,0,0,0,0
1123,1,1,1,1,1,0,0,0,0,1
1124,1,0,1,0,0,0,0,0,0,0
1125,1,0,1,0,0,0,1,0,0,0
1126,1,0,0,0,0,0,0,0,0,0
1127,1,0,1,0,1,0,0,0,0,0
1128,1,0,0,0,0,0,0,0,0,0
1129,0,0,1,1,1,0,0,0,0,0
1130,0,0,0,0,0,0,0,0,0,0
1131,1,0,1,0,0,0,1,0,0,0
1132,0,0,0,0,0,0,1,0,0,0
1133,1,0,1,0,0,0,1,0,0,0
1134,0,0,0,0,0,0,1,0,0,0
1137,1,0,1,0,0,0,1,0,0,0
1138,0,0,0,0,0,0,0,0,0,0
1139,0,0,0,0,0,0,0,0,0,0
1140,0,0,0,0,0,0,0,0,0,0
1141,0,1,1,1,0,0,0,1,0,0
1142,0,1,0,1,0,0,0,1,0,0
1143,1,1,0,0,1,0,1,0,0,0
1144,0,0,0,0,0,0,0,0,0,0
1145,1,0,1,1,0,1,0,1,0,0
1146,1,0,1,0,0,0,0,0,0,0
1149,0,0,0,0,1,1,0,0,0,0
1150,0,0,0,0,0,0,0,0,0,0
1151,0,0,1,0,1,0,0,0,0,0
1152,0,0,0,0,0,0,0,0,0,0
1153,0,0,1,0,0,0,1,0,0,0
1154,0,0,0,0,0,0,0,0,0,0
1155,0,1,1,1,1,0,0,0,0,0
1156,0,0,0,0,0,0,0,0,0,0
1157,0,1,0,0,1,0,1,0,0,0
1158,0,0,0,0,0,0,0,0,0,0
1159,1,1,0,0,0,0,0,0,0,0
1160,0,0,0,0,0,0,0,0,0,0
1161,0,0,1,0,1,0,0,0,0,0
1162,0,0,0,0,0,0,0,0,0,0
1163,1,0,1,0,1,0,0,0,0,0
1164,1,0,0,0,0,0,0,0,0,0
1165,1,1,1,1,0,0,1,0,0,1
1166,1,0,1,0,0,0,0,0,0,0
1167,1,0,1,1,1,1,1,1,0,1
1168,1,0,1,0,0,0,0,0,0,0
1169,0,0,1,0,1,0,1,0,0,0
1170,0,0,1,0,0,0,0,0,0,0
1171,0,0,1,1,0,1,0,1,0,1
1172,0,0,1,1,0,0,0,1,0,0
1173,1,1,1,0,1,0,0,0,0,0
1174,0,0,1,0,0,0,0,0,0,0
1179,0,0,0,1,1,0,0,0,0,0
1180,0,0,0,1,0,0,0,0,0,0
1181,1,1,1,0,1,0,1,0,0,0
1182,0,0,1,0,0,0,0,0,0,0
1183,0,0,1,0,1,0,0,1,0,0
1184,0,0,1,0,0,0,0,0,0,0
1185,1,0,0,0,0,0,0,0,0,0
1186,0,0,0,0,0,0,0,0,0,0
1187,0,1,1,0,0,0,1,0,0,0
1188,0,0,0,0,0,0,0,0,0,0
1189,0,1,1,0,0,0,0,0,0,0
1190,0,0,0,0,0,0,0,0,0,0
1191,1,1,0,0,0,0,1,0,0,0
1192,1,0,0,0,0,0,0,0,0,0
1193,0,0,0,0,0,0,1,0,0,1
1194,0,0,0,0,0,0,0,0,0,0
1197,1,0,1,0,1,0,0,0,0,0
1198,1,0,0,0,0,0,0,0,0,0
1199,1,0,1,0,0,0,1,0,0,0
1200,1,0,1,0,0,0,0,0,0,0
1201,1,0,0,0,1,0,0,0,0,0
1202,0,0,0,0,0,0,0,0,0,0
1203,0,0,0,0,0,0,0,0,0,0
1204,0,0,0,0,0,0,0,0,0,0
1207,1,0,0,0,0,0,1,0,0,0
1208,1,0,0,0,0,0,0,0,0,0
1209,1,1,1,0,0,0,0,0,0,1
1210,1,0,1,0,0,0,0,0,0,0
1211,1,0,1,1,0,0,0,0,0,0
1212,0,0,0,1,0,0,0,0,0,0
1215,0,1,0,0,1,0,0,0,0,0
1216,0,0,0,0,0,0,0,0,0,0
1217,0,0,0,0,0,0,1,0,0,1
1218,0,0,0,0,0,0,0,0,0,0
1219,1,0,1,0,1,1,0,0,0,1
1220,0,0,1,0,0,0,0,0,0,0
1221,0,0,0,0,1,0,1,0,0,1
1222,0,0,0,0,0,0,0,0,0,0
1223,1,0,1,0,0,0,1,0,0,0
1224,0,0,0,0,0,0,0,0,0,0
1225,0,0,0,0,1,0,0,0,0,0
1226,0,0,0,0,0,0,0,0,0,0
1227,1,1,0,0,1,0,0,0,0,0
1228,1,0,0,0,1,0,0,0,0,0
1229,1,1,1,0,0,0,1,0,1,1
1230,0,0,1,0,0,0,1,0,0,0
1231,0,0,1,1,0,0,0,0,0,0
1232,0,0,1,0,0,0,0,0,0,0
1233,0,1,1,0,1,0,1,0,1,1
1234,0,0,0,0,0,0,0,0,0,0
1235,1,1,1,0,0,0,1,0,0,1
1236,1,0,0,0,0,0,0,0,0,0
1237,1,0,1,1,0,0,0,0,0,0
1238,1,0,1,0,0,0,0,0,0,0
1239,1,1,1,0,1,0,0,0,0,0
1240,0,0,1,0,0,0,0,0,0,0
1241,1,1,0,0,1,0,0,0,0,0
1242,1,0,0,0,0,0,0,0,0,0
1243,0,0,0,0,0,0,0,0,0,0
1244,0,0,0,0,0,0,0,0,0,0
1245,0,0,1,0,0,0,1,0,0,0
1246,0,0,0,0,0,0,0,0,0,0
1247,0,0,1,1,1,0,0,0,0,0
1248,0,0,1,1,0,0,0,0,0,0
1249,1,0,1,0,0,0,1,0,0,0
1250,0,0,1,0,0,0,0,0,0,0
1253,1,0,0,0,1,0,0,0,0,0
1254,0,0,0,0,0,0,0,0,0,0
1255,1,0,1,1,1,0,0,1,0,0
1256,1,0,1,1,0,0,0,1,0,0
1257,1,1,1,0,1,1,0,0,0,0
1258,1,0,1,0,1,0,0,0,0,0
1259,1,0,0,0,1,0,0,0,1,0
1260,1,0,0,0,0,0,0,0,0,0
1261,0,0,0,0,1,0,0,0,0,1
1262,0,0,0,0,0,0,0,0,0,0
1263,1,0,1,1,0,0,0,1,0,0
1264,1,0,1,0,0,0,0,1,0,0
1265,1,0,1,1,1,0,0,0,0,0
1266,1,0,1,0,0,0,0,0,0,0
1267,0,0,0,1,1,0,0,0,0,0
1268,0,0,0,0,0,0,0,0,0,0
1269,1,0,0,0,0,0,1,0,0,1
1270,0,0,0,0,0,0,0,0,0,0
1271,1,0,1,0,1,0,0,0,0,1
1272,0,0,0,0,0,0,0,0,0,0
1273,0,1,1,1,1,0,0,0,0,0
1274,0,0,0,1,0,0,0,0,0,0
1275,0,1,1,0,1,0,0,0,0,0
1276,0,0,0,0,0,0,0,0,0,0
1277,1,1,1,1,0,0,1,0,0,0
1278,1,0,1,0,0,0,1,0,0,0
1279,0,0,1,0,0,0,1,0,0,0
1280,0,0,0,0,0,0,0,0,0,0
1281,1,0,0,0,1,0,0,0,0,0
1282,0,0,0,0,0,0,0,0,0,0
1283,1,1,1,0,1,0,0,0,0,0
1284,1,0,1,0,0,0,0,0,0,0
1285,1,0,0,0,1,0,0,0,0,0
1286,0,0,0,0,0,0,0,0,0,0
1287,1,0,0,0,1,0,0,0,0,0
1288,0,0,0,0,0,0,0,0,0,0
1289,1,0,1,0,0,1,0,0,0,1
1290,1,0,0,0,0,0,0,0,0,0
1291,1,0,1,0,1,0,0,0,0,1
1292,1,0,0,0,1,0,0,0,0,0
1293,1,0,1,1,0,0,1,0,1,0
1294,0,0,0,0,0,0,0,0,0,0
1295,0,0,1,0,0,0,1,0,0,0
1296,0,0,0,0,0,0,0,0,0,0
1297,1,0,1,1,0,1,1,0,0,0
1298,1,0,0,0,0,0,0,0,0,0
1299,1,1,1,0,1,0,1,0,1,1
1300,0,0,0,0,0,0,0,0,0,0
1301,1,1,1,0,0,0,1,0,0,0
1302,0,0,0,0,0,0,0,0,0,0
1303,1,0,1,1,0,1,0,1,0,1
1304,1,0,1,0,0,0,0,0,0,0
1305,1,0,1,1,0,0,0,0,0,0
1306,1,0,0,0,0,0,0,0,0,0
1307,1,1,1,0,0,0,1,0,0,0
1308,0,0,0,0,0,0,0,0,0,0
1309,0,0,1,0,1,1,1,0,0,1
1310,0,0,0,0,0,0,1,0,0,0
1311,0,0,1,0,1,0,0,0,0,0
1312,0,0,0,0,0,0,0,0,0,0
1313,0,1,1,0,0,0,0,0,0,0
1314,0,0,0,0,0,0,0,0,0,0
1315,0,0,1,1,1,0,0,0,0,0
1316,0,0,1,0,0,0,0,0,0,0
1319,1,0,1,1,1,0,0,1,0,0
1320,1,0,0,0,0,0,0,0,0,0
1321,0,0,0,0,1,0,0,0,0,0
1322,0,0,0,0,0,0,0,0,0,0
1323,1,0,1,0,1,0,1,0,0,0
1324,0,0,0,0,0,0,1,0,0,0
1325,1,0,1,0,0,0,1,0,0,0
1326,1,0,0,0,0,0,0,0,0,0
1327,0,1,0,1,1,0,0,0,0,0
1328,0,0,0,0,1,0,0,0,0,0
1329,1,0,1,0,0,0,1,0,0,1
1330,1,0,0,0,0,0,0,0,0,0
1331,1,1,1,1,1,0,1,1,0,0
1332,1,0,1,1,0,0,0,0,0,0
1333,0,1,1,0,1,0,1,0,1,1
1334,0,0,0,0,0,0,0,0,0,0
1335,1,1,1,0,1,0,0,0,1,1
1336,1,0,0,0,0,0,0,0,0,0
1337,1,1,0,0,0,0,1,0,0,1
1338,1,0,0,0,0,0,0,0,0,0
1339,1,1,1,1,0,0,0,0,0,0
1340,1,0,0,1,0,0,0,0,0,0
1341,1,0,1,0,0,0,1,0,0,0
1342,0,0,0,0,0,0,0,0,0,0
1343,1,0,1,0,1,0,0,0,0,0
1344,1,0,0,0,0,0,0,0,0,0
1345,1,0,0,0,1,0,1,0,0,0
1346,0,0,0,0,0,0,1,0,0,0
1347,1,0,0,0,0,0,1,0,0,0
1348,1,0,0,0,0,0,0,0,0,0
1349,1,0,1,1,1,1,1,1,1,1
1350,0,0,0,1,0,0,0,0,0,0
1351,1,1,1,0,1,0,1,0,0,1
1352,0,0,0,0,0,0,0,0,0,0
1353,1,0,1,0,1,0,0,0,0,1
1354,1,0,0,0,0,0,0,0,0,0
1355,0,0,1,1,0,0,0,0,0,1
1356,0,0,1,0,0,0,0,0,0,0
1357,1,1,1,0,1,0,1,0,1,1
1358,0,0,0,0,0,0,0,0,0,0
1359,0,1,1,0,1,0,1,0,0,1
1360,0,0,0,0,0,0,0,0,0,0
1361,0,0,1,0,1,1,1,0,0,1
1362,0,0,0,0,0,0,1,0,0,0
1363,1,0,1,0,1,0,1,0,0,1
1364,0,0,0,0,0,0,0,0,0,0
1365,0,0,1,0,1,0,0,0,0,1
1366,0,0,1,0,0,0,0,0,0,0
1367,1,0,1,0,0,0,1,0,0,0
1368,1,0,0,0,0,0,0,0,0,0
1369,1,0,1,0,1,0,1,0,0,0
1370,0,0,0,0,0,0,0,0,0,0
1371,0,0,0,0,1,0,0,0,0,0
1372,0,0,0,0,1,0,0,0,0,0
1373,0,0,1,1,0,1,1,1,0,1
1374,0,0,1,1,0,0,0,1,0,0
1375,0,0,1,1,1,1,0,1,0,0
1376,0,0,1,1,0,0,0,1,0,0
1377,1,0,1,0,1,0,0,0,0,0
1378,0,0,0,0,0,0,0,0,0,0
1379,1,1,1,0,0,0,1,0,1,0
1380,0,0,1,0,0,0,0,0,0,0
1381,1,0,0,1,0,1,1,1,0,1
1382,1,0,0,1,0,0,0,1,0,0
1383,1,0,1,0,1,0,0,0,0,0
1384,1,0,0,0,0,0,0,0,0,0
1385,0,0,1,1,1,0,0,0,0,0
1386,0,0,0,0,0,0,0,0,0,0
1387,0,1,1,0,0,0,1,0,0,0
1388,0,0,0,0,0,0,1,0,0,0
1389,0,1,1,0,0,0,1,0,0,0
1390,0,0,0,0,0,0,1,0,0,0
1391,0,1,0,1,0,0,0,0,0,1
1392,0,0,0,1,0,0,0,0,0,0
1393,1,1,1,1,0,0,1,0,0,1
1394,1,0,0,1,0,0,0,0,0,0
1395,1,0,1,1,1,0,0,0,0,0
1396,0,0,0,0,0,0,0,0,0,0
1397,1,0,0,0,1,0,1,0,0,0
1398,0,0,0,0,0,0,0,0,0,0
1399,0,1,1,0,1,0,1,0,1,0
1400,0,0,1,0,0,0,0,0,0,0
1401,1,1,1,0,1,0,1,0,0,1
1402,0,0,1,0,0,0,0,0,0,1
1403,1,1,1,1,1,0,1,0,0,0
1404,1,0,0,0,0,0,0,0,0,0
1405,0,1,0,0,0,0,0,0,0,1
1406,0,0,0,0,0,0,0,0,0,0
1407,1,0,0,0,0,0,1,0,0,0
1408,0,0,0,0,0,0,0,0,0,0
1409,0,1,0,0,0,0,1,0,0,0
1410,0,0,0,0,0,0,0,0,0,0
1411,0,0,0,0,1,0,0,0,0,0
1412,0,0,0,0,0,0,0,0,0,0
1413,0,1,0,0,0,0,1,0,1,1
1414,0,0,0,0,0,0,0,0,0,0
1415,0,0,0,0,1,0,0,0,1,0
1416,0,0,0,0,0,0,0,0,0,0
1417,0,0,1,0,1,0,1,0,1,0
1418,0,0,0,0,0,0,1,0,0,0
1419,1,1,1,0,1,0,1,0,0,1
1420,1,0,1,0,0,0,0,0,0,0
1421,1,0,1,1,1,0,1,1,0,0
1422,1,0,1,1,0,0,1,0,0,0
1423,1,0,0,1,0,0,1,0,0,0
1424,0,0,0,0,0,0,0,0,0,0
1425,1,0,1,0,1,0,1,0,0,0
1426,0,0,0,0,0,0,0,0,0,0
1427,0,0,1,0,1,0,0,0,0,0
1428,0,0,0,0,0,0,0,0,0,0
1429,0,0,1,0,1,0,1,0,0,0
1430,0,0,0,0,0,0,1,0,0,0
1431,1,1,1,0,0,0,1,0,1,1
1432,0,0,1,0,0,0,0,0,0,0
1433,1,0,1,1,0,0,1,1,0,0
1434,1,0,0,1,0,0,0,0,0,0
1435,1,0,1,1,0,0,0,0,0,1
1436,1,0,1,0,0,0,0,0,0,0
1437,0,1,1,0,1,0,1,0,0,1
1438,0,0,0,0,0,0,1,0,0,0
1439,1,1,1,1,1,0,1,1,0,0
1440,1,0,0,0,0,0,1,1,0,0
1441,1,0,1,0,1,0,1,0,0,0
1442,0,0,0,0,0,0,0,0,0,0
1443,0,1,0,1,0,0,0,0,0,1
1444,0,0,0,0,0,0,0,0,0,0
1445,1,1,1,0,0,0,0,0,0,1
1446,1,0,0,0,0,0,0,0,0,0
1447,1,0,1,0,0,0,0,0,0,0
1448,0,0,0,0,0,0,0,0,0,0
1449,1,0,1,0,0,0,1,0,0,0
1450,1,0,0,0,0,0,0,0,0,0
1451,0,1,1,0,0,0,1,0,0,1
1452,0,0,0,0,0,0,0,0,0,0
1453,0,1,1,0,1,0,0,0,0,0
1454,0,0,0,0,0,0,0,0,0,0
1455,1,0,0,0,1,0,0,0,0,0
1456,0,0,0,0,0,0,0,0,0,0
1457,0,0,1,1,1,0,0,1,0,0
1458,0,0,0,0,0,0,0,0,0,0
1459,1,0,1,1,1,1,0,1,1,1
1460,1,0,0,0,0,0,0,0,0,0
1461,1,1,0,1,0,0,1,0,1,0
1462,1,0,0,0,0,0,0,0,0,0
1463,1,0,1,1,0,0,1,0,0,0
1464,0,0,0,0,0,0,0,0,0,0
1465,1,1,1,1,1,0,1,0,1,1
1466,0,0,0,0,0,0,0,0,0,0
1467,1,0,0,0,1,1,0,1,0,1
1468,1,0,0,0,0,0,0,0,0,0
1469,1,1,1,0,1,0,1,0,0,0
1470,0,0,0,0,0,0,0,0,0,0
1471,0,1,1,0,0,0,0,0,0,1
1472,0,0,0,0,0,0,0,0,0,0
1473,0,1,1,0,0,0,0,0,0,1
1474,0,0,0,0,0,0,0,0,0,0
1475,1,1,0,0,0,0,1,0,0,0
1476,0,0,0,0,0,0,0,0,0,0
1477,1,0,1,1,0,1,1,1,0,0
1478,1,0,0,0,0,0,0,0,0,0
1479,1,0,1,1,0,0,1,0,0,0
1480,0,0,0,0,0,0,0,0,0,0
1481,1,1,1,0,1,0,0,0,0,0
1482,0,0,0,0,0,0,0,0,0,0
1483,1,1,1,1,1,0,1,0,1,1
1484,0,0,0,0,0,0,0,0,0,0
1487,0,1,0,0,1,0,0,0,0,1
1488,0,0,0,0,0,0,0,0,0,0
1489,1,0,1,1,0,0,1,0,0,0
1490,0,0,0,0,0,0,0,0,0,0
1491,1,0,1,1,1,1,1,1,1,1
1492,1,0,0,0,0,0,0,0,0,0
1493,0,0,1,1,1,1,0,0,0,1
1494,0,0,0,0,0,0,0,0,0,0
1495,0,1,0,1,1,0,0,1,0,1
1496,0,0,0,0,0,0,0,0,0,0
1497,1,0,0,1,0,1,1,1,1,1
1498,1,0,0,0,0,0,0,0,0,0
1499,1,0,1,0,1,1,1,0,1,1
1500,0,0,1,0,0,0,0,0,0,0
1501,1,1,0,0,0,0,0,0,0,0
1502,0,0,0,0,0,0,0,0,0,0
1503,1,1,1,1,0,0,1,1,0,0
1504,0,0,0,0,0,0,0,1,0,0
1505,0,1,1,1,1,0,0,0,0,1
1506,0,0,0,0,0,0,0,0,0,0
1507,1,0,1,1,1,1,0,0,0,1
1508,1,0,0,0,0,0,0,0,0,0
1509,0,1,0,1,1,0,0,1,0,0
1510,0,0,0,0,0,0,0,0,0,0
1511,0,0,0,1,0,0,1,0,0,0
1512,0,0,0,0,0,0,0,0,0,0
1513,1,1,1,1,0,0,1,0,0,0
1514,0,0,0,0,0,0,0,0,0,0
1515,0,0,1,0,0,0,0,0,1,0
1516,0,0,0,0,0,0,0,0,0,0
1517,0,0,1,0,1,0,0,1,0,0
1518,0,0,0,0,0,0,0,0,0,0
1519,1,1,1,1,1,0,0,0,0,1
1520,0,0,0,0,0,0,0,0,0,0
1521,1,0,1,1,1,1,0,1,0,0
1522,0,0,0,0,0,0,0,1,0,0
1523,1,0,0,1,1,1,1,0,1,0
1524,1,0,0,0,0,0,0,0,0,0
1525,1,0,1,1,1,1,1,0,0,1
1526,0,0,0,0,0,0,0,0,0,0
1527,1,0,0,0,0,0,1,0,0,0
1528,0,0,0,0,0,0,0,0,0,0
1529,0,1,1,1,0,0,1,0,0,0
1530,0,0,0,0,0,0,0,0,0,0
1531,1,1,1,0,1,0,0,0,0,0
1532,0,0,0,0,0,0,0,0,0,0
1533,1,1,1,1,1,0,1,0,1,1
1534,0,0,0,0,0,0,0,0,0,0
1535,1,1,1,0,1,0,1,0,0,0
1536,0,0,0,0,0,0,0,0,0,0
1537,0,0,1,1,1,1,0,0,0,1
1538,0,0,0,0,0,0,0,0,0,0
1539,1,0,1,0,0,0,0,0,0,0
1540,0,0,0,0,0,0,0,0,0,0
1541,0,0,1,0,0,0,1,0,0,0
1542,0,0,0,0,0,0,0,0,0,0
1543,1,0,1,0,1,0,0,0,0,0
1544,0,0,0,0,0,0,0,0,0,0
1545,0,0,0,0,1,1,0,0,0,0
1546,0,0,0,0,0,0,0,0,0,0
1547,0,1,1,0,1,0,0,0,0,0
1548,0,0,0,0,0,0,0,0,0,0
1549,0,1,1,0,1,0,0,0,0,1
1550,0,0,0,0,0,0,0,0,0,0
1551,1,0,1,1,0,1,0,0,0,0
1552,1,0,0,0,0,0,0,0,0,0
1553,1,1,1,0,1,0,1,0,0,0
1554,1,0,0,0,0,0,0,0,0,0
1557,0,0,1,0,1,0,1,0,0,0
1558,0,0,0,0,0,0,0,0,0,0
1559,1,0,0,1,1,1,0,0,0,1
1560,1,0,0,0,0,0,0,0,0,0
1561,0,0,0,0,1,0,0,0,0,0
1562,0,0,0,0,0,0,0,0,0,0
1563,1,0,1,0,0,0,1,0,0,0
1564,0,0,0,0,0,0,0,0,0,0
1565,0,1,1,0,0,0,0,0,0,0
1566,0,0,0,0,0,0,0,0,0,0
1567,0,0,1,0,0,0,1,0,0,0
1568,0,0,0,0,0,0,0,0,0,0
1570,0,0,0,0,1,0,1,0,0,0
1571,0,0,0,0,0,0,0,0,0,0
1573,1,1,0,1,0,0,1,0,0,1
1574,0,0,0,0,0,0,0,0,0,0
1575,0,0,1,0,0,0,0,0,0,0
1576,0,0,0,0,0,0,0,0,0,0
1577,1,0,0,1,1,0,0,0,1,0
1578,1,0,0,0,0,0,0,0,0,0
1579,0,0,1,1,1,1,0,1,1,1
1580,0,0,0,1,0,0,0,1,0,0
1581,1,0,1,1,1,1,0,1,0,1
1582,0,0,0,0,0,0,0,0,0,0
1583,0,0,1,0,0,1,1,0,0,1
1584,0,0,0,0,0,0,0,0,0,0
1585,1,0,0,0,1,0,0,0,0,0
1586,1,0,0,0,0,0,0,0,0,0
1587,0,0,1,0,1,1,0,0,0,0
1588,0,0,0,0,0,0,0,0,0,0
1590,0,0,1,0,1,0,1,0,0,0
1591,0,0,0,0,0,0,1,0,0,0
1592,1,0,1,1,0,1,0,0,0,0
1593,1,0,0,1,0,0,0,0,0,0
1596,1,0,1,1,1,1,0,0,0,0
1597,0,0,0,0,0,0,0,0,0,0
1598,0,0,1,0,0,0,1,0,0,0
1599,0,0,0,0,0,0,0,0,0,0
1600,0,0,1,1,0,1,0,0,0,0
1601,0,0,0,0,0,0,0,0,0,0
1602,1,1,0,1,0,0,0,0,0,0
1603,0,0,0,0,0,0,0,0,0,0
1604,0,0,1,0,1,0,0,0,0,0
1605,0,0,0,0,0,0,0,0,0,0
1606,1,1,0,1,0,0,0,0,0,0
1607,1,0,0,0,0,0,0,0,0,0
1608,1,0,1,1,1,1,1,0,0,0
1609,0,0,0,0,0,0,0,0,0,0
1610,0,0,1,0,0,0,1,0,0,0
1611,0,0,0,0,0,0,0,0,0,0
1614,0,1,1,1,0,1,0,1,0,1
1615,0,0,0,0,0,0,0,1,0,0
1618,1,1,1,1,1,0,0,0,0,0
1619,0,0,0,0,0,0,0,0,0,0
1620,0,0,0,0,0,1,0,0,0,0
1621,0,0,0,0,0,0,0,0,0,0
1624,0,1,1,0,0,0,1,0,1,1
1625,0,0,0,0,0,0,0,0,0,0
1626,0,0,1,1,0,0,1,0,0,0
1627,0,0,0,0,0,0,0,0,0,0
1628,1,1,1,0,1,0,1,0,0,1
1629,0,0,0,0,0,0,0,0,0,0
1630,1,1,1,1,0,0,1,0,0,0
1631,0,0,0,0,0,0,0,0,0,0
1632,1,0,1,0,1,1,1,0,1,0
1633,1,0,0,0,0,0,0,0,0,0
1634,0,0,1,0,0,0,0,0,0,0
1635,0,0,0,0,0,0,0,0,0,0
1636,0,0,1,1,1,1,0,0,1,1
1637,0,0,1,0,0,0,0,0,0,0
1638,0,1,0,0,0,0,0,0,0,1
1639,0,0,0,0,0,0,0,0,0,0
1640,1,0,0,0,1,1,0,0,0,0
1641,0,0,0,0,0,0,0,0,0,0
1642,1,1,1,0,1,0,1,0,0,1
1643,0,0,0,0,0,0,0,0,0,0
1644,1,0,0,1,0,0,1,0,0,1
1645,0,0,0,0,0,0,0,0,0,0
1646,1,0,0,0,1,0,0,0,0,1
1647,1,0,0,0,0,0,0,0,0,0
1648,1,0,1,1,1,1,0,0,1,1
1649,0,0,0,0,0,0,0,0,0,0
1650,0,1,0,0,0,0,0,0,0,0
1651,0,0,0,0,0,0,0,0,0,0
1652,0,0,0,1,0,0,0,1,0,0
1653,0,0,0,1,0,0,0,0,0,0
1654,1,0,1,0,1,0,0,0,0,0
1655,0,0,0,0,0,0,0,0,0,0
1656,1,0,1,1,0,0,1,1,0,0
1657,0,0,0,0,0,0,0,0,0,0
1658,0,1,1,1,1,1,0,0,0,1
1659,0,0,1,0,0,0,0,0,0,0
1662,1,1,1,1,1,0,0,0,0,1
1663,0,0,0,0,0,0,0,0,0,0
1664,0,0,1,1,0,1,1,1,0,1
1665,0,0,0,0,0,0,0,0,0,0
1666,1,0,0,1,1,1,0,0,0,1
1667,0,0,0,0,0,0,0,0,0,0
1668,0,1,1,1,0,0,0,0,0,1
1669,0,0,0,0,0,0,0,0,0,0
1670,1,0,1,1,1,0,1,0,0,1
1671,0,0,0,0,0,0,0,0,0,0
1672,1,0,1,1,1,1,0,0,0,1
1673,0,0,0,0,0,0,0,0,0,0
1674,1,0,1,0,1,0,0,0,0,0
1675,1,0,0,0,1,0,0,0,0,0
1676,1,1,1,0,0,0,1,0,1,1
1677,0,0,0,0,0,0,0,0,1,0
1678,1,0,1,0,1,0,0,0,0,0
1679,0,0,0,0,0,0,0,0,0,0
1680,1,1,1,1,0,0,1,0,0,0
1681,1,0,0,1,0,0,0,0,0,0
1682,1,0,1,0,1,0,0,0,0,0
1683,1,0,1,0,0,0,0,0,0,0
1684,0,1,1,1,0,0,0,0,1,1
1685,0,0,0,0,0,0,0,0,0,0
1686,1,0,1,1,0,0,1,0,0,0
1687,0,0,0,0,0,0,0,0,0,0
1688,0,0,1,1,1,0,0,0,0,0
1689,0,0,0,0,0,0,0,0,0,0
1690,0,0,1,0,0,0,0,0,0,0
1691,0,0,0,0,0,0,0,0,0,0
1692,1,0,1,1,0,0,1,0,0,0
1693,0,0,0,0,0,0,0,0,0,0
1696,1,0,1,0,1,0,0,0,0,0
1697,0,0,0,0,0,0,0,0,0,0
1698,0,0,0,1,1,1,0,1,0,0
1699,0,0,0,0,0,0,0,0,0,0
1704,1,1,1,1,1,0,0,0,0,1
1705,0,0,0,0,0,0,0,0,0,0
1706,1,1,1,1,0,1,0,0,0,1
1707,0,0,0,0,0,0,0,0,0,0
1710,1,0,1,1,0,1,1,0,0,0
1711,0,0,0,0,0,0,0,0,0,0
1712,0,1,0,0,1,0,0,0,0,1
1713,0,0,0,0,0,0,0,0,0,0
1714,0,1,1,0,0,0,0,0,0,1
1715,0,0,0,0,0,0,0,0,0,0
1716,1,1,1,0,0,0,0,0,0,1
1717,0,0,0,0,0,0,0,0,0,0
1718,0,0,0,0,1,0,1,0,0,0
1719,0,0,0,0,0,0,0,0,0,0
1720,1,0,0,0,1,1,0,0,0,1
1721,0,0,0,0,0,0,0,0,0,0
1722,1,0,1,0,0,0,1,0,0,0
1723,0,0,0,0,0,0,0,0,0,0
1728,1,1,1,1,1,0,0,0,0,1
1729,0,0,0,0,0,0,0,0,0,0
1730,0,1,1,0,0,1,0,0,0,1
1731,0,0,0,0,0,0,0,0,0,0
1732,1,1,1,0,0,0,1,0,1,1
1733,0,0,0,0,0,0,0,0,0,0
1734,0,0,1,0,1,0,1,0,0,0
1735,0,0,0,0,0,0,0,0,0,0
1736,0,0,1,0,0,0,1,0,0,1
1737,0,0,0,0,0,0,0,0,0,0
1738,0,1,1,1,0,1,1,0,0,1
1739,0,0,0,0,0,0,0,0,0,0
1740,0,1,1,0,0,0,0,1,0,1
1741,0,0,0,0,0,0,0,1,0,0
1742,0,0,0,1,0,1,0,1,0,1
1743,0,0,0,0,0,0,0,1,0,0
1744,1,0,1,1,1,1,1,0,0,1
1745,0,0,0,0,0,0,0,0,0,0
1746,1,1,1,0,0,1,1,0,1,1
1747,0,0,0,0,0,0,0,0,0,0
1748,0,0,1,0,0,0,1,0,0,0
1749,0,0,0,0,0,0,0,0,0,0
1750,1,0,1,1,0,1,0,1,0,0
1751,0,0,0,0,0,0,0,0,0,0
1754,1,0,1,0,1,0,0,1,0,0
1755,0,0,0,0,0,0,0,0,0,0
1756,1,0,0,0,1,0,0,1,0,0
1757,1,0,0,0,0,0,0,0,0,0
1758,0,0,1,0,0,1,0,0,0,1
1759,0,0,0,0,0,0,0,0,0,0
1760,1,0,1,0,0,1,1,1,0,1
1761,0,0,0,0,0,0,0,0,0,0
1766,0,0,0,0,0,0,0,0,0,0
1767,0,0,0,0,0,0,0,0,0,0
1768,1,1,0,0,1,0,0,0,0,1
1769,0,0,0,0,0,0,0,0,0,0
1770,1,0,1,0,1,0,0,0,0,1
1771,0,0,0,0,0,0,0,0,0,0
1772,0,0,0,1,1,1,1,0,0,1
1773,0,0,0,0,0,0,0,0,0,0
1774,0,0,1,0,1,1,0,0,0,1
1775,0,0,0,0,0,0,0,0,0,0
1780,0,0,1,0,0,1,1,0,0,0
1781,0,0,0,0,0,0,0,0,0,0
1782,1,0,1,0,0,1,1,0,0,1
1783,0,0,0,0,0,0,0,0,0,0
2001,1,0,0,0,0,1,0,0,0,0
2002,1,0,1,1,0,1,0,0,0,0
2003,0,0,1,0,0,0,0,0,1,1
2004,0,0,1,0,0,0,0,0,1,0
2005,1,1,1,0,0,0,0,0,1,0
2006,1,1,1,0,0,0,0,0,1,1
2007,1,0,1,0,0,0,0,0,0,1
2008,1,1,0,1,0,1,0,1,1,1
2009,1,1,1,0,0,0,0,0,0,1
2010,0,1,1,0,0,0,0,0,0,0
2011,0,0,0,0,0,1,0,1,0,0
2012,1,0,1,0,0,0,0,0,0,0
2013,0,1,1,0,0,0,0,0,1,0
2014,0,0,1,0,0,1,0,1,0,1
2015,1,0,0,0,0,0,0,0,1,0
2016,1,0,1,0,0,0,1,0,0,0
2017,0,1,1,0,0,0,0,0,0,0
2018,0,1,1,0,0,0,0,0,1,0
2019,1,0,1,0,0,0,0,0,1,0
2020,1,1,1,0,0,0,0,0,0,1
2021,0,0,1,0,0,1,0,0,0,0
2022,1,0,1,0,0,0,0,0,0,1
2023,1,1,0,0,0,0,0,0,0,0
2024,0,0,1,1,0,1,0,1,0,0
2025,1,1,1,0,0,0,0,0,0,0
2026,1,0,1,0,0,0,0,0,0,0
2027,0,0,1,0,0,0,0,0,1,0
2028,1,1,1,0,0,0,0,0,1,0
2029,1,0,1,1,0,1,0,0,0,0
2030,1,1,1,0,0,0,0,0,0,0
2031,0,1,1,0,0,0,1,0,0,0
2032,0,0,0,0,0,1,0,0,0,0
2033,1,0,0,0,0,1,0,0,1,1
2034,0,0,1,0,0,0,0,0,0,0
2035,1,0,1,1,0,0,0,1,0,0
2036,1,1,1,0,0,0,0,0,0,0
2037,1,1,1,0,1,0,0,0,0,0
2038,0,1,1,0,1,0,0,0,0,0
2039,1,1,1,0,0,0,0,0,0,0
2040,1,1,1,0,0,1,0,0,0,0
2041,0,0,1,0,0,1,0,0,0,1
2042,1,0,1,0,0,1,0,0,0,0
2043,1,0,0,1,0,0,0,1,1,1
2044,1,1,1,0,0,0,1,0,0,0
2045,1,0,0,1,0,0,0,0,1,0
2046,1,0,1,0,0,0,0,0,0,0
2047,1,0,1,0,0,0,0,0,0,0
2048,0,0,1,0,0,0,0,0,0,1
2049,0,1,1,0,0,0,0,0,0,0
2050,1,1,1,0,0,1,0,1,1,1
2051,0,1,1,0,0,0,0,0,1,0
2052,1,0,0,0,0,0,1,0,0,0
2053,1,0,0,0,0,0,0,0,0,0
2054,1,0,1,0,0,0,0,0,0,1
2055,1,0,1,0,0,0,0,0,0,0
2056,0,1,1,1,0,0,0,0,0,0
2057,0,1,0,0,0,0,0,0,0,1
2058,1,1,1,0,0,0,0,0,0,0
2059,0,0,0,0,0,1,0,0,0,0
2060,1,1,0,1,0,0,0,0,0,0
2061,0,1,1,0,1,0,0,0,0,0
2062,0,1,1,0,0,0,1,0,0,0
2063,0,0,1,0,0,1,0,0,0,0
2064,0,0,0,0,0,0,0,0,1,0
2065,1,0,1,0,0,0,0,0,0,0
2066,1,0,1,0,0,0,0,0,0,0
2067,0,0,0,0,0,0,0,0,1,1
2068,1,0,1,1,0,0,0,0,1,0
2069,0,0,0,0,0,0,0,0,0,0
2070,1,0,1,0,0,0,0,0,0,0
2071,0,1,1,0,0,0,0,0,0,0
2072,0,1,1,0,0,0,0,0,0,0
2073,1,1,1,0,0,0,0,0,0,0
2074,0,0,0,1,0,1,0,1,1,1
2075,1,0,1,0,0,1,0,0,0,0
2076,1,0,0,0,0,0,0,0,0,0
2077,0,0,0,0,0,0,0,0,1,0
2078,1,0,0,0,0,0,0,0,0,0
2079,0,1,1,0,0,1,0,0,0,0
2080,1,0,0,0,0,0,0,0,0,0
2081,1,1,1,0,0,0,1,0,0,0
2082,1,1,1,0,0,0,0,0,0,0
2083,0,0,0,0,0,1,0,0,0,0
2084,0,1,1,0,0,1,1,0,0,0
2085,0,1,0,0,0,1,0,1,1,1
2086,1,0,1,0,0,0,1,0,1,1
2087,1,1,0,1,0,0,0,0,0,1
2088,0,0,0,0,0,0,0,0,0,0
2089,0,1,1,0,0,0,0,0,0,0
2090,0,0,0,0,0,0,0,0,0,0
2091,1,0,1,0,0,0,0,0,0,0
2092,1,0,0,0,0,0,0,0,1,0
2093,0,1,1,0,0,1,0,0,0,0
2094,1,0,0,0,0,0,1,0,0,0
2095,0,0,1,0,0,0,0,0,0,0
2096,0,0,0,0,0,1,0,1,0,1
2097,0,0,1,0,0,0,0,0,1,0
2098,0,0,0,0,0,0,0,0,0,0
2099,1,0,0,0,0,0,0,0,0,1
2100,0,0,0,0,0,1,0,0,0,0
2101,0,0,0,0,0,0,1,0,0,1
2102,0,0,1,0,0,0,0,0,0,0
2103,1,0,0,1,0,0,0,1,1,0
2104,1,0,0,0,0,0,0,0,0,0
2105,1,0,1,0,0,0,0,0,0,1
2106,1,0,1,0,0,0,0,0,1,1
2107,1,1,1,0,1,0,0,0,1,1
2108,1,1,1,0,0,0,0,0,0,0
2109,0,0,1,0,0,0,0,0,0,0
2110,1,0,0,0,0,0,0,0,0,1
2111,1,0,0,1,0,0,0,0,0,1
2112,1,0,1,0,0,1,0,0,0,0
2113,1,0,1,0,0,0,0,0,0,1
2114,0,0,0,0,0,0,0,0,1,1
2115,1,0,0,0,0,0,0,1,0,0
2116,1,0,1,0,0,0,0,1,0,0
2117,1,0,1,0,0,0,0,0,0,0
2118,0,1,0,0,0,0,0,0,0,0
2119,0,0,0,0,0,0,0,0,0,0
2120,0,0,0,0,0,0,0,0,0,0
2121,1,0,1,0,0,0,0,0,1,1
2122,1,0,1,0,0,0,0,0,1,0
2123,1,0,0,1,0,0,0,0,1,0
2124,0,0,1,0,0,1,0,1,0,1
2125,0,1,1,0,0,1,0,0,0,0
2126,0,0,1,0,0,0,0,0,1,0
2127,0,0,0,1,0,0,0,0,0,0
2128,0,0,0,0,0,0,0,0,0,1
2129,0,0,0,0,0,0,1,0,0,0
2130,1,0,1,0,1,0,0,0,0,1
2131,0,1,0,0,0,0,0,0,1,1
2132,0,0,0,0,0,0,0,0,0,1
2133,1,1,0,0,0,0,0,0,1,1
2134,1,0,0,0,1,0,0,0,0,0
2135,0,1,1,0,0,0,0,0,0,0
2136,0,0,0,0,0,0,0,0,0,1
2137,1,0,0,0,0,0,0,0,0,0
2138,1,0,0,0,0,0,0,0,0,0
2139,1,0,0,0,0,0,0,0,1,0
2140,1,1,1,0,0,0,0,0,0,0
2141,0,0,0,0,0,0,0,0,1,1
2142,0,1,1,0,0,0,0,0,0,0
2143,0,0,0,0,0,1,0,0,0,1
2144,0,0,0,1,0,0,0,0,1,1
2145,0,1,1,1,0,1,0,0,1,1
2146,1,0,1,0,0,0,0,0,0,0
2147,1,1,1,0,0,0,0,0,0,1
2148,0,0,0,0,0,0,0,0,0,0
2149,0,0,0,0,0,1,0,0,0,0
2150,0,0,1,0,0,0,0,0,0,1
2151,1,0,1,0,0,1,1,0,1,0
2152,0,0,1,0,0,0,0,0,0,0
2153,1,0,1,1,0,0,0,0,1,0
2154,1,0,1,0,0,0,0,1,1,0
2155,1,1,0,0,0,1,0,0,0,0
2156,1,0,1,0,0,0,0,0,0,0
2157,1,0,1,0,0,0,1,0,0,0
2158,1,1,1,0,0,1,0,0,0,0
2159,0,0,0,0,0,0,0,0,0,0
2160,0,0,0,0,0,1,0,0,0,0
2161,1,0,1,0,0,1,0,1,0,0
2162,0,0,1,0,0,0,0,0,0,0
2163,0,0,1,0,0,0,0,0,1,0
2164,1,0,1,0,0,0,0,0,0,0
2165,1,0,1,0,0,0,1,0,0,1
2166,0,1,1,0,0,0,0,0,0,1
2167,0,1,0,1,0,1,0,1,0,0
2168,0,1,1,0,0,1,0,0,0,1
2169,1,0,1,0,0,0,0,0,0,1
2170,0,0,1,0,0,0,0,0,0,1
2171,1,0,0,1,0,1,0,0,1,1
2172,1,1,1,0,1,1,0,0,1,1
2173,1,0,1,0,0,0,0,0,0,0
2174,0,0,1,0,0,0,0,0,1,1
2175,1,0,1,0,0,1,0,0,1,1
2176,0,0,0,0,0,1,0,0,0,1
2177,0,1,1,0,0,0,0,0,0,0
2178,1,1,1,0,0,1,1,0,1,0
2179,0,1,0,0,0,1,0,1,0,1
2180,0,0,0,0,0,0,0,0,0,0
2181,0,1,0,0,0,0,0,0,0,0
2182,1,0,0,1,0,1,0,1,0,0
2183,1,0,0,0,0,0,0,0,0,0
2184,0,0,0,0,0,0,0,0,1,0
2185,1,0,0,1,0,0,0,1,0,1
2186,1,0,1,0,0,0,1,0,0,0
2187,1,0,0,0,0,1,0,0,0,0
2188,1,0,1,0,0,0,0,0,0,0
2189,1,0,0,0,0,0,0,0,0,0
2190,1,0,1,0,0,0,0,0,0,0
2191,0,0,1,1,0,0,0,0,0,0
2192,0,0,1,0,0,0,0,0,0,1
2193,0,0,1,1,0,1,0,1,0,0
2194,0,1,1,0,0,1,0,0,0,0
2195,1,0,0,1,0,1,0,0,0,0
2196,0,0,1,0,0,0,0,0,0,1
2197,0,0,1,0,0,0,1,0,0,1
2198,0,0,1,0,0,0,0,0,0,0
2199,1,0,1,0,0,0,0,0,0,0
2200,1,0,1,0,0,0,1,0,0,0
2201,1,0,0,0,0,0,0,0,0,1
2202,1,0,1,0,0,0,0,0,0,0
2203,0,0,0,1,0,0,0,1,0,0
2204,0,0,0,0,0,0,0,0,1,1
2205,0,1,1,0,0,0,0,0,0,0
2206,0,0,1,0,0,0,0,0,0,0
2207,0,0,0,0,0,1,0,0,0,0
2208,0,0,1,1,0,0,0,1,0,0
2209,0,0,1,0,0,0,0,0,1,1
2210,1,0,1,0,0,0,0,0,0,0
2211,1,0,1,1,0,1,0,0,0,0
2212,1,1,1,0,0,1,1,0,0,1
2213,1,0,1,0,0,1,0,0,0,1
2214,0,0,0,0,0,0,0,0,0,1
2215,1,0,1,0,0,0,1,0,1,0
2216,1,0,1,0,0,0,0,0,0,1
2217,0,0,0,0,0,0,0,0,0,0
2218,0,0,0,0,0,0,0,0,1,0
2219,0,0,0,0,0,0,0,0,0,0
2220,0,1,1,0,0,0,0,0,0,0
2221,1,0,0,0,1,0,0,0,0,0
2222,0,1,1,0,0,1,0,0,0,0
2223,1,0,0,1,0,1,0,1,0,1
3001,0,1,0,0,1,1,1,0,0,0
3002,1,1,1,0,1,1,1,0,0,1
3003,1,1,1,1,1,1,1,1,1,1
3004,1,1,0,0,1,1,1,0,0,0
3005,1,1,1,0,1,0,1,0,1,1
3006,0,1,1,1,1,0,0,1,0,0
3007,1,1,1,0,1,1,1,0,0,1
3008,1,1,1,0,1,0,0,0,0,1
3009,1,1,1,0,1,0,1,0,0,1
3010,1,1,1,0,1,0,1,0,1,1
3011,0,1,1,1,1,0,1,0,0,0
3012,1,1,1,1,1,1,1,1,1,1
3013,1,1,0,0,1,1,1,0,0,1
3014,0,0,0,1,1,0,0,0,0,1
3015,1,1,1,1,1,1,0,0,1,1
3016,1,1,1,1,1,1,0,0,0,1
3017,1,1,1,1,1,1,1,0,1,1
3018,0,1,1,0,1,0,0,0,0,1
3019,0,1,1,1,1,1,1,1,0,0
3020,1,1,1,0,1,0,1,0,1,1
3021,0,1,1,1,1,1,1,0,0,0
3022,0,1,1,0,1,1,0,0,1,0
3023,0,1,0,1,1,1,1,0,1,1
3024,1,1,0,0,1,0,1,0,1,1
3025,1,1,1,0,1,1,1,1,0,0
3026,1,1,1,1,1,1,1,0,1,1
3027,1,1,1,1,1,1,0,0,0,1
3028,0,1,0,1,1,0,0,0,0,1
3029,0,0,0,1,1,0,1,0,0,0
3030,1,1,1,1,1,1,1,0,0,1
3031,1,1,1,1,1,1,1,0,0,1
3032,0,1,1,1,1,0,1,0,1,0
3033,1,1,1,1,1,1,1,0,1,1
3034,1,1,1,0,1,0,0,0,0,1
3035,0,1,1,0,1,1,1,0,0,0
3036,0,1,1,1,1,0,1,0,0,1
3037,1,1,0,0,1,0,0,0,0,0
3038,1,1,1,0,1,0,1,0,0,0
3039,0,1,0,0,1,0,1,0,0,0
3040,0,1,1,0,1,0,0,0,0,1
3041,1,1,1,0,1,0,1,0,1,0
3042,0,1,0,0,1,0,1,0,0,1
3043,0,1,0,0,1,0,1,0,0,1
3044,0,1,1,0,1,0,1,0,0,1
3045,1,1,1,1,1,1,1,0,0,0
3046,1,1,1,1,1,0,1,0,0,0
3047,0,1,0,0,1,0,1,0,0,0
3048,0,1,0,1,1,1,1,1,0,1
3049,0,1,1,0,1,0,1,0,0,0
3050,1,1,0,1,0,0,1,1,0,1
3051,1,1,0,0,1,0,1,0,1,1
3052,1,1,1,1,1,1,1,0,1,0
3053,0,1,1,0,1,0,1,0,1,1
3054,0,1,0,1,1,0,0,0,0,1
3055,1,1,0,0,1,0,0,0,0,0
3056,0,1,1,0,1,1,0,0,1,1
3057,1,1,0,0,0,1,1,0,0,0
3058,0,1,1,1,1,1,1,0,0,1
3059,1,1,1,1,1,1,1,0,1,0
3060,0,1,0,1,1,1,0,0,0,1
3061,0,1,1,1,1,1,0,1,0,0
3062,1,1,1,1,0,0,1,0,0,0
3063,1,1,1,1,1,1,1,0,0,1
3064,1,1,1,1,1,1,0,1,1,0
3065,1,1,0,0,1,1,0,0,1,1
3066,1,1,1,1,1,1,1,0,0,0
3067,1,1,1,1,1,1,1,0,0,1
3068,1,1,1,0,1,0,1,0,0,0
3069,0,1,0,1,1,0,0,0,0,1
3070,1,1,1,1,1,1,0,0,1,0
3071,1,1,1,1,0,0,1,0,0,0
3072,0,1,0,0,0,1,1,0,1,0
3073,1,1,1,1,1,1,1,1,0,0
3074,1,1,0,1,1,1,1,1,1,1
3075,1,1,0,1,1,1,1,1,1,1
3076,1,1,0,1,1,1,1,1,1,1
3077,0,1,0,1,1,1,1,1,0,0
3078,0,1,1,1,1,1,0,1,0,0
3079,1,1,1,1,1,0,1,0,0,0
3080,1,1,0,0,1,1,0,0,0,1
3081,0,1,1,0,1,0,1,0,0,0
3082,1,1,0,1,1,1,0,1,0,0
3083,0,1,1,0,1,1,0,0,1,0
3084,0,1,1,0,1,0,1,0,0,0
3085,0,1,1,1,1,0,1,0,0,0
3086,1,1,0,1,1,0,0,0,0,0
3087,0,1,1,1,0,1,1,0,1,0
3088,1,1,1,0,0,0,0,0,0,0
3089,0,1,0,1,1,0,0,1,0,1
3090,1,1,0,0,1,0,0,0,0,0
3091,1,1,0,1,1,0,0,0,0,0
3092,0,1,1,0,0,1,1,0,0,1
3093,0,1,1,1,1,0,1,0,1,1
3094,1,1,1,1,1,1,0,0,0,0
3095,0,1,1,0,1,0,1,0,0,0
3096,1,1,0,1,1,0,0,1,0,0
3097,0,1,0,0,1,0,1,1,0,1
3098,1,1,1,0,1,0,1,0,1,0
3099,1,1,1,1,1,1,1,0,0,0
3100,1,1,0,1,0,1,1,0,1,0
3101,0,1,1,1,1,1,1,0,0,0
3102,0,1,0,0,1,0,1,0,0,0
3103,0,1,1,0,1,0,1,0,1,0
3104,0,1,1,0,1,0,1,0,1,0
3105,0,0,1,1,1,1,1,1,0,0
3106,1,1,1,1,0,1,0,0,0,0
3107,1,1,1,0,1,0,0,0,0,0
3108,0,0,0,1,0,0,0,0,0,0
3109,0,1,1,0,1,0,0,0,1,0
3110,1,1,0,1,1,1,0,0,1,1
3111,0,1,1,0,1,1,0,0,0,1
3112,0,1,1,1,1,1,0,0,0,1
3113,0,1,0,0,1,1,1,0,0,0
3114,1,1,1,1,1,1,0,0,0,0
3115,1,1,1,1,1,1,0,0,0,0
3116,0,0,1,0,1,1,0,0,0,0
3117,1,1,0,0,1,0,1,0,0,0
3118,0,1,0,0,1,0,1,0,0,0
3119,1,1,1,1,1,1,1,0,1,1
3120,1,1,1,1,1,1,1,0,1,1
3121,0,1,0,0,1,1,0,1,1,0
3122,1,1,1,1,1,0,1,0,0,0
3123,0,1,0,0,1,0,1,0,1,0
3124,0,1,1,1,1,1,0,0,1,0
3125,0,1,1,1,1,1,1,0,1,0
3126,1,1,1,1,1,1,0,0,0,0
3127,1,1,1,1,0,1,1,0,0,0
3128,0,1,1,1,1,1,1,0,1,0
3129,1,1,0,1,0,0,1,0,0,0
3130,1,1,0,1,0,1,1,0,0,0
3131,0,1,0,1,1,0,0,0,0,0
3132,1,1,1,0,1,0,1,0,0,0
3133,0,1,1,1,1,0,1,0,0,0
3134,0,1,1,1,1,1,1,0,0,0
3135,1,1,1,1,1,0,1,0,0,0
3136,1,1,1,1,1,1,1,0,0,0
3137,1,1,1,1,1,0,0,1,0,0
3138,1,1,1,1,1,1,0,0,0,0
3139,0,1,0,0,1,0,1,0,0,0
3140,1,1,1,1,1,0,0,0,1,0
3141,0,1,1,1,1,1,0,0,1,0
3142,0,1,1,0,1,0,0,0,0,0
3143,1,1,1,1,1,1,1,0,0,0
3144,1,1,1,0,1,1,1,0,0,1
3145,1,1,1,1,1,1,0,0,0,0
3146,0,1,1,0,1,0,1,0,0,0
3147,0,1,1,0,1,0,0,0,0,0
3148,1,1,0,1,1,0,0,1,0,0
3149,1,1,1,1,1,1,1,0,0,0
3150,1,1,0,0,1,1,1,0,0,1
3151,1,1,1,1,1,1,0,0,1,1
3152,1,1,0,0,1,1,1,0,0,0
3153,1,1,1,1,1,1,0,0,0,1
3154,0,1,0,1,1,1,1,0,1,1
3155,1,1,1,1,1,1,1,0,1,1
3156,1,1,1,0,0,1,1,0,1,1
3157,1,1,1,1,1,0,0,0,1,1
3158,1,1,1,1,1,1,1,0,0,0
3159,1,1,1,1,1,1,1,0,1,0
3160,1,1,1,1,1,1,1,0,0,0
3161,0,1,0,0,1,1,1,0,0,0
3162,1,1,1,0,1,0,0,0,0,1
3163,1,1,0,1,1,1,1,1,0,1
3164,1,1,1,1,1,0,1,0,0,0
3165,1,1,1,1,1,0,1,0,0,0
3166,0,1,0,1,1,0,0,0,0,0
3167,1,1,1,0,1,0,1,0,0,0
3168,1,1,1,0,1,0,1,0,0,0
3169,1,1,1,1,1,1,0,1,0,1
3170,0,1,1,0,0,1,1,0,0,0
3171,1,1,1,0,1,1,0,0,1,1
3172,1,1,1,1,0,0,1,1,0,0
3173,1,1,0,0,1,0,1,0,0,0
3174,1,1,1,1,1,0,0,0,0,1
3175,1,1,1,0,1,1,1,0,0,1
3176,1,1,1,1,1,0,0,1,0,0
3177,1,1,1,1,1,1,0,0,1,1
3178,1,1,1,0,1,1,1,1,0,1
3179,0,1,0,1,1,1,1,0,0,1
3180,1,1,1,0,1,0,1,0,0,0
3181,1,1,1,1,1,1,0,0,0,0
3182,1,1,1,1,1,1,1,1,0,1
3183,1,1,1,0,1,0,0,0,0,0
3184,0,1,0,0,1,0,0,0,0,0
3185,1,1,0,1,1,1,1,0,0,1
3186,1,1,1,1,1,0,1,0,0,0
3187,1,1,1,0,1,0,0,0,0,1
3188,0,1,1,0,1,0,0,0,0,0
3189,1,1,1,0,1,1,1,0,0,1
3190,1,1,1,1,1,1,1,0,1,1
3191,0,1,1,0,1,0,0,0,1,0
3192,1,1,1,0,1,1,1,0,0,0
3193,1,1,0,1,1,1,1,1,0,0
3194,1,1,0,0,1,0,1,0,0,0
3195,0,1,0,1,1,1,1,0,0,0
3196,0,1,1,1,1,0,1,0,1,0
3197,1,0,1,0,0,0,0,0,0,0
3198,1,1,1,1,1,0,1,0,0,1
3199,1,1,0,0,0,0,0,0,0,0
3200,1,1,1,1,1,0,1,0,0,0
3201,1,1,1,1,1,1,1,0,0,0
3202,0,1,0,0,1,1,0,1,1,0
3203,0,1,1,0,1,1,1,0,0,1
3204,1,1,1,0,1,0,1,0,0,1
3205,0,0,0,1,0,1,1,0,0,0
3206,1,1,0,0,1,0,1,0,0,0
3207,0,1,0,1,1,1,0,0,1,0
3208,1,1,1,0,1,0,0,0,0,0
3209,1,1,0,0,1,0,1,0,0,0
3210,0,1,0,1,0,0,0,1,0,0
3211,1,1,1,0,0,0,0,0,0,0
3212,1,1,1,1,1,1,1,0,0,1
3213,1,1,1,1,1,1,1,0,0,1
3214,0,1,0,0,1,0,0,0,0,0
3215,1,1,1,0,1,1,0,0,1,1
3216,1,0,0,0,1,0,0,0,0,1
3217,0,1,0,0,1,0,1,0,0,1
3218,0,1,1,1,1,1,1,1,0,1
3219,0,1,0,0,0,0,1,0,1,1
3220,1,1,1,1,1,0,1,0,0,0
3221,0,1,1,1,1,1,0,0,1,0
3222,1,1,0,0,0,0,1,0,0,0
3223,0,1,1,0,1,1,1,0,0,0
3224,0,1,1,0,1,1,0,0,1,1
